{"cameraMode":{"drawMode":0,"name":"Shaded","section":"Shading Mode"},"sceneLighting":true,"audioPlay":false,"sceneViewState":{"showFog":true,"showMaterialUpdate":false,"showSkybox":true,"showFlares":true,"showImageEffects":true,"showParticleSystems":true},"in2DMode":false,"pivot":{"x":267.7170715332031,"y":196.8531951904297,"z":-261.04217529296877},"rotation":{"x":-0.10180521011352539,"y":-0.02171914279460907,"z":0.002217206871137023,"w":-0.9946369528770447},"size":122.90193939208985,"orthographic":false}